,Test1,Test2,Test3,Test4,Test5,Test6,Test7,Test8,Test9,Test10,Min,Max,Mean,AdjMean,tau,DF
0,39,42,36,32,34,30,42,33,35,63,30,63,37.90909090909091,36,100,0.9
0,30,65,42,73,42,64,34,47,36,51,30,73,47.90909090909091,47.11111111111112,100,0.99
0,83,30,38,43,44,39,31,47,49,33,30,83,44.45454545454545,41.77777777777778,200,0.9
0,40,29,43,46,41,31,33,40,35,39,27,46,36.72727272727273,36.77777777777778,200,0.99
