,p,k,e,s,AveragePerformance,TestsRun
5,2,6,1,1,0.822543352601156,10
1,1,8,1,1,0.8242774566473988,10
4,2,14,1,1,0.8291907514450868,10
3,2,12,1,1,0.8138728323699421,10
2,1,16,1,1,0.8323699421965317,10
