,p,k,e,s,AveragePerformance,TestsRun
5,2,6,1,1,8.22543352601156,10
3,1,8,1,1,8.242774566473988,10
7,2,8,1,1,0.0,0
0,1,5,1,1,0.0,0
6,2,7,1,1,0.0,0
