,nodeName,nodeLayer,weightMap,currentInputs,currentOutputs,actualValue,currentPartialError
0,MYCT,0,{},[],[0.0964261631827377],[],[]
1,MMIN,0,{},[],[0.11971830985915492],[],[]
2,MMAX,0,{},[],[0.23780487804878048],[],[]
3,CACH,0,{},[],[0.24427480916030533],[],[]
4,CHMIN,0,{},[],[0.0625],[],[]
5,CHMAX,0,{},[],[0.1015625],[],[]
6,OutputNode,1,"{'Intercept': 42.11779035697589, 'MYCT': 0.1344511926390745, 'MMIN': 23.935877200099085, 'MMAX': 32.07946480310956, 'CACH': 27.72007643254833, 'CHMIN': 27.726659214299488, 'CHMAX': 8.580254380053994}",[62.00063561522094],[62.00063561522094],[109],[]
