,p,k,e,s,AveragePerformance,TestsRun
21,1,16,1.0,2,2.614830450958147,10
9,1,8,1.0,2,2.6814456254335175,10
12,1,12,0.5,1,2.690080210761209,10
35,2,8,2.0,2,2.847562674312258,10
37,2,12,0.5,2,2.6909051809994433,10
33,2,8,1.0,2,2.694929202212093,10
19,1,16,0.5,2,2.581193654676806,10
24,2,4,0.5,1,2.7711815006188303,10
32,2,8,1.0,1,2.890152138083173,10
41,2,12,2.0,2,2.7016992799192145,10
