,tau,DF,Test1,Test2,Test3,Test4,Test5,Test6,Test7,Test8,Test9,Test10,Min,Max,Mean,AdjMean
0,100,0.9,101,101,101,101,101,101,101,101,101,101,101,101,101.0,101.0
0,100,0.99,101,101,101,55,101,69,72,51,101,101,51,101,86.72727272727273,89.11111111111111
0,200,0.9,80,101,99,72,64,101,51,84,101,101,32,101,80.54545454545455,83.66666666666667
0,200,0.99,25,37,79,101,101,49,90,70,86,72,25,101,73.36363636363636,75.66666666666667
