,p,k,e,s,AveragePerformance,TestsRun
9,1,4,5,2,169.22262008636946,10
25,2,4,3,2,174.963724421593,10
2,1,3,5,1,196.5138595249252,10
24,2,4,3,1,170.14708319842913,10
0,1,3,3,1,177.22820799387196,10
