,tau,DF,Test1,Test2,Test3,Test4,Test5,Test6,Test7,Test8,Test9,Test10,Min,Max,Mean,AdjMean
0,100,0.9,34,78,38,40,80,32,37,44,50,40,32,80,48.90909090909091,47.333333333333336
0,100,0.99,29,37,29,33,33,29,28,38,37,35,28,38,32.63636363636363,32.55555555555556
0,200,0.9,34,37,37,42,36,43,41,39,36,47,34,51,40.27272727272727,39.77777777777778
0,200,0.99,35,35,50,43,33,39,41,32,39,50,32,50,39.36363636363637,39.0
