,p,k,e,s,AveragePerformance,TestsRun
3,1,4,1,1,0.9547445255474452,10
4,2,1,1,1,0.9386861313868613,10
7,2,4,1,1,0.9591240875912408,10
2,1,3,1,1,0.9029197080291971,10
1,1,2,1,1,0.9423357664233576,10
