,p,k,e,s,AveragePerformance,TestsRun
25,2,7,5,2,4507.4335149323215,2
22,2,5,15,1,4054.985599681182,2
15,1,10,10,2,4693.435968328732,2
18,2,5,5,1,2642.5572992588327,2
32,2,10,10,1,5019.6598414046075,2
