,tau,DF,Test1,Test2,Test3,Test4,Test5,Test6,Test7,Test8,Test9,Test10,Min,Max,Mean,AdjMean
0,100,0.9,101,24,15,31,61,62,12,37,11,11,11,101,35.36363636363637,30.77777777777778
0,100,0.99,22,26,38,27,22,33,51,20,92,28,12,92,33.72727272727273,29.666666666666668
0,200,0.9,15,13,15,16,13,16,13,11,13,13,11,16,13.727272727272728,13.77777777777778
0,200,0.99,15,14,28,13,19,14,14,13,18,14,13,28,16.09090909090909,15.11111111111111
