,tau,DF,Test1,Test2,Test3,Test4,Test5,Test6,Test7,Test8,Test9,Test10,Min,Max,Mean,AdjMean
0,100,0.9,86,101,33,44,16,46,42,18,13,61,13,101,43.36363636363637,40.333333333333336
0,100,0.99,15,17,55,16,17,17,43,42,17,101,14,101,32.18181818181818,26.55555555555556
0,200,0.9,17,74,55,73,22,13,13,13,13,14,13,74,29.09090909090909,25.88888888888889
0,200,0.99,101,43,18,101,21,93,89,53,34,67,18,101,60.09090909090909,60.22222222222222
