,tau,DF,Test1,Test2,Test3,Test4,Test5,Test6,Test7,Test8,Test9,Test10,Min,Max,Mean,AdjMean
0,100,0.9,31,101,15,30,89,82,101,101,41,12,12,101,57.72727272727273,58.0
0,100,0.99,11,87,101,34,10,9,14,11,10,38,9,101,30.454545454545453,25.0
0,200,0.9,31,22,80,22,101,17,50,40,30,97,17,101,48.09090909090909,45.66666666666666
0,200,0.99,87,25,13,28,24,69,98,14,15,101,13,101,50.90909090909091,49.55555555555556
