,tau,DF,Test1,Test2,Test3,Test4,Test5,Test6,Test7,Test8,Test9,Test10,Min,Max,Mean,AdjMean
0,100,0.9,101,101,101,101,101,101,64,101,101,101,64,101,97.63636363636364,101.0
0,100,0.99,79,101,98,61,101,101,72,53,31,32,31,101,69.18181818181819,69.88888888888889
0,200,0.9,42,93,101,36,59,74,101,58,61,101,36,101,74.81818181818181,76.22222222222223
0,200,0.99,101,95,66,65,101,74,29,24,101,62,24,101,68.63636363636364,70.0
