,tau,DF,Test1,Test2,Test3,Test4,Test5,Test6,Test7,Test8,Test9,Test10,Min,Max,Mean,AdjMean
0,100,0.9,15,12,50,15,16,15,69,14,17,16,12,84,29.363636363636363,25.22222222222222
0,100,0.99,40,34,61,14,21,79,14,17,101,43,14,101,42.45454545454545,39.11111111111112
0,200,0.9,14,29,39,43,23,14,36,17,25,24,14,101,33.18181818181818,27.77777777777778
0,200,0.99,79,17,101,14,16,82,92,101,17,13,13,101,49.72727272727273,48.111111111111114
