,tau,DF,Test1,Test2,Test3,Test4,Test5,Test6,Test7,Test8,Test9,Test10,Min,Max,Mean,AdjMean
0,100,0.9,101,86,101,81,101,93,101,101,33,101,33,101,87.0909090909091,91.55555555555556
0,100,0.99,101,44,101,101,46,101,101,101,101,101,44,101,90.1818181818182,94.11111111111111
0,200,0.9,101,101,101,30,101,100,101,101,101,101,30,101,94.45454545454544,100.88888888888889
0,200,0.99,101,101,101,101,101,101,101,101,101,101,101,101,101.0,101.0
