,p,k,e,s,AveragePerformance,TestsRun
0,1,10,1,1,0.8747126436781608,10
6,2,12,1,1,0.9034482758620689,10
2,1,12,1,1,0.8862068965517242,10
5,2,11,1,1,0.8758620689655172,10
7,2,13,1,1,0.8724137931034482,10
