,tau,DF,Test1,Test2,Test3,Test4,Test5,Test6,Test7,Test8,Test9,Test10,Min,Max,Mean,AdjMean
0,100,0.9,37,67,58,55,49,41,47,62,101,101,37,101,60.54545454545455,58.66666666666666
0,100,0.99,72,36,55,50,76,101,97,101,36,73,36,101,70.36363636363636,70.77777777777777
0,200,0.9,57,31,58,101,34,31,78,72,101,40,31,101,62.36363636363637,61.55555555555556
0,200,0.99,101,101,101,101,101,101,101,101,101,101,101,101,101.0,101.0
